DexID,FullPaths,ThumbPaths
#001,"001_Bulbasaur_Dream.png,001_Bulbasaur_Dream_2.png",
#002,"002_Ivysaur_Dream.png,002_Ivysaur_Dream_2.png,002_Ivysaur_Dream_3.png",
#003M,003M_Venusaur_Mega_Dream.png,
#003,"003_Venusaur_Dream.png,003_Venusaur_Dream_2.png",
#004,"004_Charmander_Dream.png,004_Charmander_Dream_2.png",
#005,"005_Charmeleon_Dream.png,005_Charmeleon_Dream_2.png",
#006M,"006M_Charizard_Mega_X_Dream.png,006M_Charizard_Mega_Y_Dream.png",
#006,"006_Charizard_Dream.png,006_Charizard_Dream_2.png,006_Charizard_Dream_3.png,006_Charizard_Dream_4.png",
#007,"007_Squirtle_Dream.png,007_Squirtle_Dream_2.png,007_Squirtle_Dream_3.png",
#008,008_Wartortle_Dream.png,
#009M,009M_Blastoise_Mega_Dream.png,
#009,"009_Blastoise_Dream.png,009_Blastoise_Dream_2.png,009_Blastoise_Dream_3.png",
#010,010_Caterpie_Dream.png,
#011,011_Metapod_Dream.png,
#012,"012_Butterfree_Dream.png,012_Butterfree_Dream_2.png",
#013,013_Weedle_Dream.png,
#014,014_Kakuna_Dream.png,
#015M,015M_Beedrill_Mega_Dream.png,
#015,015_Beedrill_Dream.png,
#016,016_Pidgey_Dream.png,
#017,"017_Pidgeotto_Dream.png,017_Pidgeotto_Dream_2.png",
#018M,018M_Pidgeot_Mega_Dream.png,
#018,018_Pidgeot_Dream.png,
#019A,019A_Rattata_Alola_Dream.png,
#019,019_Rattata_Dream.png,
#020A,020A_Raticate_Alola_Dream.png,
#020,"020_Raticate_Dream.png,020_Raticate_Dream_2.png",
#021,021_Spearow_Dream.png,
#022,022_Fearow_Dream.png,
#023,023_Ekans_Dream.png,
#024,024_Arbok_Dream.png,
#025,"025_Pikachu_Belle_Dream.png,025_Pikachu_Dream.png,025_Pikachu_Dream_2.png,025_Pikachu_Dream_3.png,025_Pikachu_Dream_4.png,025_Pikachu_Dream_5.png,025_Pikachu_Dream_6.png,025_Pikachu_Libre_Dream.png,025_Pikachu_PhD_Dream.png,025_Pikachu_Pop_Star_Dream.png,025_Pikachu_Rock_Star_Dream.png",
#026A,026A_Raichu_Alola_Dream.png,
#026,026_Raichu_Dream.png,
#027A,027A_Sandshrew_Alola_Dream.png,
#027,027_Sandshrew_Dream.png,
#028A,028A_Sandslash_Alola_Dream.png,
#028,028_Sandslash_Dream.png,
#029,029_Nidoran_Dream.png,
#030,030_Nidorina_Dream.png,
#031,031_Nidoqueen_Dream.png,
#032,032_Nidoran_Dream.png,
#033,033_Nidorino_Dream.png,
#034,034_Nidoking_Dream.png,
#035,"035_Clefairy_Dream.png,035_Clefairy_Dream_2.png",
#036,036_Clefable_Dream.png,
#037A,"037A_Vulpix_Alola_Dream.png,037A_Vulpix_Alola_Dream_2.png",
#037,"037_Vulpix_Dream.png,037_Vulpix_Dream_2.png",
#038A,038A_Ninetales_Alola_Dream.png,
#038,038_Ninetales_Dream.png,
#039,"039_Jigglypuff_Dream.png,039_Jigglypuff_Dream_2.png",
#040,040_Wigglytuff_Dream.png,
#041,041_Zubat_Dream.png,
#042,042_Golbat_Dream.png,
#043,"043_Oddish_Dream.png,043_Oddish_Dream_2.png",
#044,044_Gloom_Dream.png,
#045,045_Vileplume_Dream.png,
#046,046_Paras_Dream.png,
#047,047_Parasect_Dream.png,
#048,048_Venonat_Dream.png,
#049,049_Venomoth_Dream.png,
#050A,050A_Diglett_Alola_Dream.png,
#050,050_Diglett_Dream.png,
#051A,051A_Dugtrio_Alola_Dream.png,
#051,051_Dugtrio_Dream.png,
#052A,052A_Meowth_Alola_Dream.png,
#052,"052_Meowth_Dream.png,052_Meowth_Dream_2.png,052_Meowth_Dream_3.png",
#053A,053A_Persian_Alola_Dream.png,
#053,"053_Persian_Dream.png,053_Persian_Dream_2.png",
#054,054_Psyduck_Dream.png,
#055,055_Golduck_Dream.png,
#056,056_Mankey_Dream.png,
#057,057_Primeape_Dream.png,
#058,"058_Growlithe_Dream.png,058_Growlithe_Dream_2.png",
#059,"059_Arcanine_Dream.png,059_Arcanine_Dream_2.png",
#060,060_Poliwag_Dream.png,
#061,061_Poliwhirl_Dream.png,
#062,062_Poliwrath_Dream.png,
#063,063_Abra_Dream.png,
#064,064_Kadabra_Dream.png,
#065M,065M_Alakazam_Mega_Dream.png,
#065,"065_Alakazam_Dream.png,065_Alakazam_Dream_2.png",
#066,066_Machop_Dream.png,
#067,067_Machoke_Dream.png,
#068,"068_Machamp_Dream.png,068_Machamp_Dream_2.png",
#069,069_Bellsprout_Dream.png,
#070,070_Weepinbell_Dream.png,
#071,071_Victreebel_Dream.png,
#072,072_Tentacool_Dream.png,
#073,073_Tentacruel_Dream.png,
#074A,074A_Geodude_Alola_Dream.png,
#074,074_Geodude_Dream.png,
#075A,075A_Graveler_Alola_Dream.png,
#075,"075_Graveler_Dream.png,075_Graveler_Dream_2.png",
#076A,076A_Golem_Alola_Dream.png,
#076,076_Golem_Dream.png,
#077,077_Ponyta_Dream.png,
#078,078_Rapidash_Dream.png,
#079,"079_Slowpoke_Dream.png,079_Slowpoke_Dream_2.png",
#080M,080M_Slowbro_Mega_Dream.png,
#080,080_Slowbro_Dream.png,
#081,081_Magnemite_Dream.png,
#082,082_Magneton_Dream.png,
#083,083_Farfetchd_Dream.png,
#084,084_Doduo_Dream.png,
#085,085_Dodrio_Dream.png,
#086,086_Seel_Dream.png,
#087,087_Dewgong_Dream.png,
#088A,088A_Grimer_Alola_Dream.png,
#088,088_Grimer_Dream.png,
#089A,089A_Muk_Alola_Dream.png,
#089,"089_Muk_Dream.png,089_Muk_Dream_2.png",
#090,"090_Shellder_Dream.png,090_Shellder_Dream_2.png",
#091,091_Cloyster_Dream.png,
#092,092_Gastly_Dream.png,
#093,093_Haunter_Dream.png,
#094M,094M_Gengar_Mega_Dream.png,
#094,"094_Gengar_Dream.png,094_Gengar_Dream_2.png,094_Gengar_Dream_3.png",
#095,095_Onix_Dream.png,
#096,096_Drowzee_Dream.png,
#097,097_Hypno_Dream.png,
#098,098_Krabby_Dream.png,
#099,099_Kingler_Dream.png,
#100,100_Voltorb_Dream.png,
#101,"101_Electrode_Dream.png,101_Electrode_Dream_2.png",
#102,102_Exeggcute_Dream.png,
#103A,103A_Exeggutor_Alola_Dream.png,
#103,103_Exeggutor_Dream.png,
#104,"104_Cubone_Dream.png,104_Cubone_Dream_2.png",
#105A,105A_Marowak_Alola_Dream.png,
#105,"105_Marowak_Dream.png,105_Marowak_Dream_2.png",
#106,"106_Hitmonlee_Dream.png,106_Hitmonlee_Dream_2.png",
#107,107_Hitmonchan_Dream.png,
#108,108_Lickitung_Dream.png,
#109,109_Koffing_Dream.png,
#110,110_Weezing_Dream.png,
#111,111_Rhyhorn_Dream.png,
#112,112_Rhydon_Dream.png,
#113,113_Chansey_Dream.png,
#114,114_Tangela_Dream.png,
#115M,115M_Kangaskhan_Mega_Dream.png,
#115,115_Kangaskhan_Dream.png,
#116,116_Horsea_Dream.png,
#117,117_Seadra_Dream.png,
#118,118_Goldeen_Dream.png,
#119,119_Seaking_Dream.png,
#120,120_Staryu_Dream.png,
#121,121_Starmie_Dream.png,
#122,"122_Mr._Mime_Dream.png,122_Mr._Mime_Dream_2.png",
#123,123_Scyther_Dream.png,
#124,124_Jynx_Dream.png,
#125,125_Electabuzz_Dream.png,
#126,126_Magmar_Dream.png,
#127M,127M_Pinsir_Mega_Dream.png,
#127,127_Pinsir_Dream.png,
#128,128_Tauros_Dream.png,
#129,"129_Magikarp_Dream.png,129_Magikarp_Dream_2.png",
#130M,130M_Gyarados_Mega_Dream.png,
#130,130_Gyarados_Dream.png,
#131,"131_Lapras_Dream.png,131_Lapras_Dream_2.png",
#132,"132_Ditto_Dream.png,132_Ditto_Dream_2.png",
#133,"133_Eevee_Dream.png,133_Eevee_Dream_2.png",
#134,"134_Vaporeon_Dream.png,134_Vaporeon_Dream_2.png",
#135,"135_Jolteon_Dream.png,135_Jolteon_Dream_2.png",
#136,"136_Flareon_Dream.png,136_Flareon_Dream_2.png",
#137,137_Porygon_Dream.png,
#138,138_Omanyte_Dream.png,
#139,139_Omastar_Dream.png,
#140,140_Kabuto_Dream.png,
#141,141_Kabutops_Dream.png,
#142M,142M_Aerodactyl_Mega_Dream.png,
#142,142_Aerodactyl_Dream.png,
#143,143_Snorlax_Dream.png,
#144,"144_Articuno_Dream.png,144_Articuno_Dream_2.png",
#145,"145_Zapdos_Dream.png,145_Zapdos_Dream_2.png",
#146,146_Moltres_Dream.png,
#147,147_Dratini_Dream.png,
#148,148_Dragonair_Dream.png,
#149,"149_Dragonite_Dream.png,149_Dragonite_Dream_2.png",
#150M,"150M_Mewtwo_Mega_X_Dream.png,150M_Mewtwo_Mega_Y_Dream.png",
#150,"150_Mewtwo_Dream.png,150_Mewtwo_Dream_2.png,150_Mewtwo_Dream_3.png",
#151,"151_Mew_Dream.png,151_Mew_Dream_2.png,151_Mew_Dream_3.png",
#152,"152_Chikorita_Dream.png,152_Chikorita_Dream_2.png",
#153,"153_Bayleef_Dream.png,153_Bayleef_Dream_2.png",
#154,"154_Meganium_Dream.png,154_Meganium_Dream_2.png",
#155,"155_Cyndaquil_Dream.png,155_Cyndaquil_Dream_2.png",
#156,"156_Quilava_Dream.png,156_Quilava_Dream_2.png",
#157,157_Typhlosion_Dream.png,
#158,158_Totodile_Dream.png,
#159,"159_Croconaw_Dream.png,159_Croconaw_Dream_2.png",
#160,160_Feraligatr_Dream.png,
#161,"161_Sentret_Dream.png,161_Sentret_Dream_2.png",
#162,162_Furret_Dream.png,
#163,163_Hoothoot_Dream.png,
#164,164_Noctowl_Dream.png,
#165,165_Ledyba_Dream.png,
#166,166_Ledian_Dream.png,
#167,167_Spinarak_Dream.png,
#168,168_Ariados_Dream.png,
#169,169_Crobat_Dream.png,
#170,"170_Chinchou_Dream.png,170_Chinchou_Dream_2.png",
#171,171_Lanturn_Dream.png,
#172,"172_Pichu_Dream.png,172_Pichu_Dream_2.png",
#173,"173_Cleffa_Dream.png,173_Cleffa_Dream_2.png",
#174,174_Igglybuff_Dream.png,
#175,"175_Togepi_Dream.png,175_Togepi_Dream_2.png",
#176,"176_Togetic_Dream.png,176_Togetic_Dream_2.png",
#177,177_Natu_Dream.png,
#178,178_Xatu_Dream.png,
#179,179_Mareep_Dream.png,
#180,180_Flaaffy_Dream.png,
#181M,181M_Ampharos_Mega_Dream.png,
#181,181_Ampharos_Dream.png,
#182,182_Bellossom_Dream.png,
#183,"183_Marill_Dream.png,183_Marill_Dream_2.png",
#184,184_Azumarill_Dream.png,
#185,"185_Sudowoodo_Dream.png,185_Sudowoodo_Dream_2.png",
#186,186_Politoed_Dream.png,
#187,187_Hoppip_Dream.png,
#188,188_Skiploom_Dream.png,
#189,189_Jumpluff_Dream.png,
#190,"190_Aipom_Dream.png,190_Aipom_Dream_2.png",
#191,191_Sunkern_Dream.png,
#192,192_Sunflora_Dream.png,
#193,193_Yanma_Dream.png,
#194,194_Wooper_Dream.png,
#195,195_Quagsire_Dream.png,
#196,"196_Espeon_Dream.png,196_Espeon_Dream_2.png",
#197,"197_Umbreon_Dream.png,197_Umbreon_Dream_2.png",
#198,198_Murkrow_Dream.png,
#199,199_Slowking_Dream.png,
#200,"200_Misdreavus_Dream.png,200_Misdreavus_Dream_2.png",
#201,"201_Unown_A_Dream.png,201_Unown_B_Dream.png,201_Unown_C_Dream.png,201_Unown_D_Dream.png,201_Unown_Exclamation_Dream.png,201_Unown_E_Dream.png,201_Unown_F_Dream.png,201_Unown_F_Dream_2.png,201_Unown_G_Dream.png,201_Unown_H_Dream.png,201_Unown_I_Dream.png,201_Unown_J_Dream.png,201_Unown_K_Dream.png,201_Unown_L_Dream.png,201_Unown_M_Dream.png,201_Unown_N_Dream.png,201_Unown_O_Dream.png,201_Unown_P_Dream.png,201_Unown_Question_Dream.png,201_Unown_Q_Dream.png,201_Unown_R_Dream.png,201_Unown_S_Dream.png,201_Unown_T_Dream.png,201_Unown_U_Dream.png,201_Unown_V_Dream.png,201_Unown_W_Dream.png,201_Unown_X_Dream.png,201_Unown_Y_Dream.png,201_Unown_Z_Dream.png",
#202,"202_Wobbuffet_Dream.png,202_Wobbuffet_Dream_2.png",
#203,203_Girafarig_Dream.png,
#204,204_Pineco_Dream.png,
#205,205_Forretress_Dream.png,
#206,206_Dunsparce_Dream.png,
#207,207_Gligar_Dream.png,
#208M,208M_Steelix_Mega_Dream.png,
#208,208_Steelix_Dream.png,
#209,209_Snubbull_Dream.png,
#210,210_Granbull_Dream.png,
#211,211_Qwilfish_Dream.png,
#212M,212M_Scizor_Mega_Dream.png,
#212,"212_Scizor_Dream.png,212_Scizor_Dream_2.png,212_Scizor_Dream_3.png",
#213,213_Shuckle_Dream.png,
#214M,214M_Heracross_Mega_Dream.png,
#214,214_Heracross_Dream.png,
#215,215_Sneasel_Dream.png,
#216,216_Teddiursa_Dream.png,
#217,217_Ursaring_Dream.png,
#218,218_Slugma_Dream.png,
#219,219_Magcargo_Dream.png,
#220,220_Swinub_Dream.png,
#221,221_Piloswine_Dream.png,
#222,222_Corsola_Dream.png,
#223,223_Remoraid_Dream.png,
#224,224_Octillery_Dream.png,
#225,225_Delibird_Dream.png,
#226,226_Mantine_Dream.png,
#227,227_Skarmory_Dream.png,
#228,228_Houndour_Dream.png,
#229M,229M_Houndoom_Mega_Dream.png,
#229,229_Houndoom_Dream.png,
#230,230_Kingdra_Dream.png,
#231,"231_Phanpy_Dream.png,231_Phanpy_Dream_2.png",
#232,232_Donphan_Dream.png,
#233,233_Porygon2_Dream.png,
#234,234_Stantler_Dream.png,
#235,235_Smeargle_Dream.png,
#236,236_Tyrogue_Dream.png,
#237,237_Hitmontop_Dream.png,
#238,"238_Smoochum_Dream.png,238_Smoochum_Dream_2.png,238_Smoochum_Dream_3.png",
#239,239_Elekid_Dream.png,
#240,240_Magby_Dream.png,
#241,"241_Miltank_Dream.png,241_Miltank_Dream_2.png",
#242,242_Blissey_Dream.png,
#243,243_Raikou_Dream.png,
#244,"244_Entei_Dream.png,244_Entei_Dream_2.png",
#245,"245_Suicune_Dream.png,245_Suicune_Dream_2.png",
#246,246_Larvitar_Dream.png,
#247,247_Pupitar_Dream.png,
#248M,248M_Tyranitar_Mega_Dream.png,
#248,248_Tyranitar_Dream.png,
#249,"249_Lugia_Dream.png,249_Lugia_Dream_2.png",
#250,"250_Ho-Oh_Dream.png,250_Ho-Oh_Dream_2.png",
#251,"251_Celebi_Dream.png,251_Celebi_Dream_2.png,251_Celebi_Dream_3.png",
#252,"252_Treecko_Dream.png,252_Treecko_Dream_2.png",
#253,253_Grovyle_Dream.png,
#254M,254M_Sceptile_Mega_Dream.png,
#254,"254_Sceptile_Dream.png,254_Sceptile_Dream_2.png",
#255,"255_Torchic_Dream.png,255_Torchic_Dream_2.png",
#256,256_Combusken_Dream.png,
#257M,257M_Blaziken_Mega_Dream.png,
#257,"257_Blaziken_Dream.png,257_Blaziken_Dream_2.png",
#258,"258_Mudkip_Dream.png,258_Mudkip_Dream_2.png,258_Mudkip_Dream_3.png,258_Mudkip_Dream_4.png,258_Mudkip_Dream_5.png",
#259,"259_Marshtomp_Dream.png,259_Marshtomp_Dream_2.png",
#260M,260M_Swampert_Mega_Dream.png,
#260,260_Swampert_Dream.png,
#261,261_Poochyena_Dream.png,
#262,262_Mightyena_Dream.png,
#263,"263_Zigzagoon_Dream.png,263_Zigzagoon_Dream_2.png",
#264,264_Linoone_Dream.png,
#265,265_Wurmple_Dream.png,
#266,266_Silcoon_Dream.png,
#267,267_Beautifly_Dream.png,
#268,268_Cascoon_Dream.png,
#269,269_Dustox_Dream.png,
#270,270_Lotad_Dream.png,
#271,271_Lombre_Dream.png,
#272,272_Ludicolo_Dream.png,
#273,273_Seedot_Dream.png,
#274,274_Nuzleaf_Dream.png,
#275,275_Shiftry_Dream.png,
#276,"276_Taillow_Dream.png,276_Taillow_Dream_2.png",
#277,"277_Swellow_Dream.png,277_Swellow_Dream_2.png",
#278,278_Wingull_Dream.png,
#279,279_Pelipper_Dream.png,
#280,280_Ralts_Dream.png,
#281,281_Kirlia_Dream.png,
#282M,282M_Gardevoir_Mega_Dream.png,
#282,282_Gardevoir_Dream.png,
#283,283_Surskit_Dream.png,
#284,284_Masquerain_Dream.png,
#285,285_Shroomish_Dream.png,
#286,286_Breloom_Dream.png,
#287,287_Slakoth_Dream.png,
#288,288_Vigoroth_Dream.png,
#289,"289_Slaking_Dream.png,289_Slaking_Dream_2.png",
#290,290_Nincada_Dream.png,
#291,291_Ninjask_Dream.png,
#292,292_Shedinja_Dream.png,
#293,293_Whismur_Dream.png,
#294,294_Loudred_Dream.png,
#295,295_Exploud_Dream.png,
#296,296_Makuhita_Dream.png,
#297,297_Hariyama_Dream.png,
#298,298_Azurill_Dream.png,
#299,299_Nosepass_Dream.png,
#300,300_Skitty_Dream.png,
#301,301_Delcatty_Dream.png,
#302M,302M_Sableye_Mega_Dream.png,
#302,302_Sableye_Dream.png,
#303M,303M_Mawile_Mega_Dream.png,
#303,"303_Mawile_Dream.png,303_Mawile_Dream_2.png",
#304,304_Aron_Dream.png,
#305,305_Lairon_Dream.png,
#306M,306M_Aggron_Mega_Dream.png,
#306,306_Aggron_Dream.png,
#307,"307_Meditite_Dream.png,307_Meditite_Dream_2.png",
#308M,308M_Medicham_Mega_Dream.png,
#308,"308_Medicham_Dream.png,308_Medicham_Dream_2.png",
#309,309_Electrike_Dream.png,
#310M,310M_Manectric_Mega_Dream.png,
#310,310_Manectric_Dream.png,
#311,"311_Plusle_Dream.png,311_Plusle_Dream_2.png",
#312,"312_Minun_Dream.png,312_Minun_Dream_2.png",
#313,313_Volbeat_Dream.png,
#314,314_Illumise_Dream.png,
#315,"315_Roselia_Dream.png,315_Roselia_Dream_2.png",
#316,316_Gulpin_Dream.png,
#317,317_Swalot_Dream.png,
#318,318_Carvanha_Dream.png,
#319M,319M_Sharpedo_Mega_Dream.png,
#319,319_Sharpedo_Dream.png,
#320,320_Wailmer_Dream.png,
#321,321_Wailord_Dream.png,
#322,322_Numel_Dream.png,
#323M,323M_Camerupt_Mega_Dream.png,
#323,323_Camerupt_Dream.png,
#324,324_Torkoal_Dream.png,
#325,325_Spoink_Dream.png,
#326,326_Grumpig_Dream.png,
#327,"327_Spinda_Dream.png,327_Spinda_Dream_2.png",
#328,328_Trapinch_Dream.png,
#329,329_Vibrava_Dream.png,
#330,330_Flygon_Dream.png,
#331,331_Cacnea_Dream.png,
#332,332_Cacturne_Dream.png,
#333,333_Swablu_Dream.png,
#334M,334M_Altaria_Mega_Dream.png,
#334,"334_Altaria_Dream.png,334_Altaria_Dream_2.png",
#335,335_Zangoose_Dream.png,
#336,336_Seviper_Dream.png,
#337,337_Lunatone_Dream.png,
#338,338_Solrock_Dream.png,
#339,339_Barboach_Dream.png,
#340,340_Whiscash_Dream.png,
#341,341_Corphish_Dream.png,
#342,342_Crawdaunt_Dream.png,
#343,343_Baltoy_Dream.png,
#344,344_Claydol_Dream.png,
#345,345_Lileep_Dream.png,
#346,346_Cradily_Dream.png,
#347,347_Anorith_Dream.png,
#348,348_Armaldo_Dream.png,
#349,349_Feebas_Dream.png,
#350,"350_Milotic_Dream.png,350_Milotic_Dream_2.png",
#351,"351_Castform_Normal_Dream.png,351_Castform_Rainy_Form_Dream.png,351_Castform_Snowy_Form_Dream.png,351_Castform_Sunny_Form_Dream.png",
#352,352_Kecleon_Dream.png,
#353,353_Shuppet_Dream.png,
#354M,354M_Banette_Mega_Dream.png,
#354,354_Banette_Dream.png,
#355,355_Duskull_Dream.png,
#356,356_Dusclops_Dream.png,
#357,357_Tropius_Dream.png,
#358,358_Chimecho_Dream.png,
#359M,359M_Absol_Mega_Dream.png,
#359,359_Absol_Dream.png,
#360,360_Wynaut_Dream.png,
#361,"361_Snorunt_Dream.png,361_Snorunt_Dream_2.png",
#362M,362M_Glalie_Mega_Dream.png,
#362,362_Glalie_Dream.png,
#363,363_Spheal_Dream.png,
#364,364_Sealeo_Dream.png,
#365,365_Walrein_Dream.png,
#366,366_Clamperl_Dream.png,
#367,367_Huntail_Dream.png,
#368,368_Gorebyss_Dream.png,
#369,369_Relicanth_Dream.png,
#370,370_Luvdisc_Dream.png,
#371,371_Bagon_Dream.png,
#372,372_Shelgon_Dream.png,
#373M,373M_Salamence_Mega_Dream.png,
#373,373_Salamence_Dream.png,
#374,374_Beldum_Dream.png,
#375,375_Metang_Dream.png,
#376M,376M_Metagross_Mega_Dream.png,
#376,"376_Metagross_Dream.png,376_Metagross_Dream_2.png",
#377,"377_Regirock_Dream.png,377_Regirock_Dream_2.png",
#378,"378_Regice_Dream.png,378_Regice_Dream_2.png",
#379,"379_Registeel_Dream.png,379_Registeel_Dream_2.png",
#380M,380M_Latias_Mega_Dream.png,
#380,380_Latias_Dream.png,
#381M,381M_Latios_Mega_Dream.png,
#381,"381_Latios_Dream.png,381_Latios_Dream_2.png",
#382,"382_Kyogre_Dream.png,382_Kyogre_Dream_2.png,382_Kyogre_Dream_3.png,382_Kyogre_Primal_Dream.png",
#383,"383_Groudon_Dream.png,383_Groudon_Dream_2.png,383_Groudon_Dream_3.png,383_Groudon_Primal_Dream.png,383_Groudon_Primal_Dream_2.png",
#384M,384M_Rayquaza_Mega_Dream.png,
#384,"384_Rayquaza_Dream.png,384_Rayquaza_Dream_2.png",
#385,"385_Jirachi_Dream.png,385_Jirachi_Dream_2.png",
#386,"386_Deoxys_Attack_Forme_Dream.png,386_Deoxys_Defense_Forme_Dream.png,386_Deoxys_Normal_Forme_Dream.png,386_Deoxys_Normal_Forme_Dream_2.png,386_Deoxys_Speed_Forme_Dream.png",
#387,387_Turtwig_Dream.png,
#388,388_Grotle_Dream.png,
#389,389_Torterra_Dream.png,
#390,390_Chimchar_Dream.png,
#391,391_Monferno_Dream.png,
#392,392_Infernape_Dream.png,
#393,"393_Piplup_Dream.png,393_Piplup_Dream_2.png",
#394,394_Prinplup_Dream.png,
#395,395_Empoleon_Dream.png,
#396,396_Starly_Dream.png,
#397,397_Staravia_Dream.png,
#398,398_Staraptor_Dream.png,
#399,399_Bidoof_Dream.png,
#400,400_Bibarel_Dream.png,
#401,401_Kricketot_Dream.png,
#402,402_Kricketune_Dream.png,
#403,403_Shinx_Dream.png,
#404,404_Luxio_Dream.png,
#405,405_Luxray_Dream.png,
#406,406_Budew_Dream.png,
#407,407_Roserade_Dream.png,
#408,408_Cranidos_Dream.png,
#409,409_Rampardos_Dream.png,
#410,410_Shieldon_Dream.png,
#411,411_Bastiodon_Dream.png,
#412,"412_Burmy_Plant_Cloak_Dream.png,412_Burmy_Sandy_Cloak_Dream.png,412_Burmy_Trash_Cloak_Dream.png",
#413,"413_Wormadam_Plant_Cloak_Dream.png,413_Wormadam_Sandy_Cloak_Dream.png,413_Wormadam_Trash_Cloak_Dream.png",
#414,414_Mothim_Dream.png,
#415,415_Combee_Dream.png,
#416,416_Vespiquen_Dream.png,
#417,417_Pachirisu_Dream.png,
#418,418_Buizel_Dream.png,
#419,419_Floatzel_Dream.png,
#420,420_Cherubi_Dream.png,
#421,"421_Cherrim_Overcast_Form_Dream.png,421_Cherrim_Sunshine_Form_Dream.png",
#422,"422_Shellos_East_Sea_Dream.png,422_Shellos_West_Sea_Dream.png",
#423,"423_Gastrodon_East_Sea_Dream.png,423_Gastrodon_West_Sea_Dream.png",
#424,424_Ambipom_Dream.png,
#425,425_Drifloon_Dream.png,
#426,426_Drifblim_Dream.png,
#427,427_Buneary_Dream.png,
#428M,428M_Lopunny_Mega_Dream.png,
#428,428_Lopunny_Dream.png,
#429,429_Mismagius_Dream.png,
#430,430_Honchkrow_Dream.png,
#431,431_Glameow_Dream.png,
#432,432_Purugly_Dream.png,
#433,433_Chingling_Dream.png,
#434,434_Stunky_Dream.png,
#435,435_Skuntank_Dream.png,
#436,436_Bronzor_Dream.png,
#437,437_Bronzong_Dream.png,
#438,438_Bonsly_Dream.png,
#439,439_Mime_Jr._Dream.png,
#440,440_Happiny_Dream.png,
#441,441_Chatot_Dream.png,
#442,442_Spiritomb_Dream.png,
#443,443_Gible_Dream.png,
#444,444_Gabite_Dream.png,
#445M,445M_Garchomp_Mega_Dream.png,
#445,445_Garchomp_Dream.png,
#446,446_Munchlax_Dream.png,
#447,447_Riolu_Dream.png,
#448M,448M_Lucario_Mega_Dream.png,
#448,448_Lucario_Dream.png,
#449,449_Hippopotas_Dream.png,
#450,450_Hippowdon_Dream.png,
#451,451_Skorupi_Dream.png,
#452,452_Drapion_Dream.png,
#453,453_Croagunk_Dream.png,
#454,454_Toxicroak_Dream.png,
#455,455_Carnivine_Dream.png,
#456,456_Finneon_Dream.png,
#457,457_Lumineon_Dream.png,
#458,458_Mantyke_Dream.png,
#459,459_Snover_Dream.png,
#460M,460M_Abomasnow_Mega_Dream.png,
#460,460_Abomasnow_Dream.png,
#461,461_Weavile_Dream.png,
#462,462_Magnezone_Dream.png,
#463,463_Lickilicky_Dream.png,
#464,464_Rhyperior_Dream.png,
#465,465_Tangrowth_Dream.png,
#466,466_Electivire_Dream.png,
#467,467_Magmortar_Dream.png,
#468,468_Togekiss_Dream.png,
#469,469_Yanmega_Dream.png,
#470,470_Leafeon_Dream.png,
#471,471_Glaceon_Dream.png,
#472,472_Gliscor_Dream.png,
#473,473_Mamoswine_Dream.png,
#474,474_Porygon-Z_Dream.png,
#475M,475M_Gallade_Mega_Dream.png,
#475,475_Gallade_Dream.png,
#476,476_Probopass_Dream.png,
#477,477_Dusknoir_Dream.png,
#478,478_Froslass_Dream.png,
#479,"479_Rotom_Fan_Rotom_Dream.png,479_Rotom_Frost_Rotom_Dream.png,479_Rotom_Heat_Rotom_Dream.png,479_Rotom_Mow_Rotom_Dream.png,479_Rotom_Normal_Forme_Dream.png,479_Rotom_Normal_Forme_Dream_2.png,479_Rotom_Wash_Rotom_Dream.png",
#480,480_Uxie_Dream.png,
#481,"481_Mesprit_Dream.png,481_Mesprit_Dream_2.png",
#482,482_Azelf_Dream.png,
#483,"483_Dialga_Dream.png,483_Dialga_Dream_2.png",
#484,484_Palkia_Dream.png,
#485,485_Heatran_Dream.png,
#486,486_Regigigas_Dream.png,
#487,"487_Giratina_Altered_Forme_Dream.png,487_Giratina_Origin_Forme_Dream.png,487_Giratina_Origin_Forme_Dream_2.png",
#488,488_Cresselia_Dream.png,
#489,489_Phione_Dream.png,
#490,"490_Manaphy_Dream.png,490_Manaphy_Dream_2.png",
#491,"491_Darkrai_Dream.png,491_Darkrai_Dream_2.png",
#492,"492_Shaymin_Land_Forme_Dream.png,492_Shaymin_Land_Forme_Dream_2.png,492_Shaymin_Sky_Forme_Dream.png,492_Shaymin_Sky_Forme_Dream_2.png",
#493,"493_Arceus_Bug_Dream.png,493_Arceus_Dark_Dream.png,493_Arceus_Dragon_Dream.png,493_Arceus_Electric_Dream.png,493_Arceus_Fairy_Dream.png,493_Arceus_Fighting_Dream.png,493_Arceus_Fire_Dream.png,493_Arceus_Flying_Dream.png,493_Arceus_Ghost_Dream.png,493_Arceus_Grass_Dream.png,493_Arceus_Ground_Dream.png,493_Arceus_Ice_Dream.png,493_Arceus_Normal_Dream.png,493_Arceus_Normal_Dream_2.png,493_Arceus_Poison_Dream.png,493_Arceus_Psychic_Dream.png,493_Arceus_Rock_Dream.png,493_Arceus_Steel_Dream.png,493_Arceus_Water_Dream.png",
#494,"494_Victini_Dream.png,494_Victini_Dream_2.png",
#495,495_Snivy_Dream.png,
#496,496_Servine_Dream.png,
#497,497_Serperior_Dream.png,
#498,498_Tepig_Dream.png,
#499,499_Pignite_Dream.png,
#500,500_Emboar_Dream.png,
#501,"501_Oshawott_Dream.png,501_Oshawott_Dream_2.png",
#502,502_Dewott_Dream.png,
#503,503_Samurott_Dream.png,
#504,504_Patrat_Dream.png,
#505,505_Watchog_Dream.png,
#506,506_Lillipup_Dream.png,
#507,507_Herdier_Dream.png,
#508,508_Stoutland_Dream.png,
#509,509_Purrloin_Dream.png,
#510,510_Liepard_Dream.png,
#511,"511_Pansage_Dream.png,511_Pansage_Dream2.png",
#512,512_Simisage_Dream.png,
#513,"513_Pansear_Dream.png,513_Pansear_Dream_2.png",
#514,514_Simisear_Dream.png,
#515,"515_Panpour_Dream.png,515_Panpour_Dream_2.png,515_Panpour_Dream_3.png",
#516,516_Simipour_Dream.png,
#517,517_Munna_Dream.png,
#518,518_Musharna_Dream.png,
#519,519_Pidove_Dream.png,
#520,520_Tranquill_Dream.png,
#521,521_Unfezant_Dream.png,
#522,522_Blitzle_Dream.png,
#523,523_Zebstrika_Dream.png,
#524,524_Roggenrola_Dream.png,
#525,525_Boldore_Dream.png,
#526,526_Gigalith_Dream.png,
#527,527_Woobat_Dream.png,
#528,528_Swoobat_Dream.png,
#529,529_Drilbur_Dream.png,
#530,530_Excadrill_Dream.png,
#531M,531M_Audino_Mega_Dream.png,
#531,531_Audino_Dream.png,
#532,532_Timburr_Dream.png,
#533,533_Gurdurr_Dream.png,
#534,534_Conkeldurr_Dream.png,
#535,535_Tympole_Dream.png,
#536,536_Palpitoad_Dream.png,
#537,537_Seismitoad_Dream.png,
#538,538_Throh_Dream.png,
#539,539_Sawk_Dream.png,
#540,540_Sewaddle_Dream.png,
#541,541_Swadloon_Dream.png,
#542,542_Leavanny_Dream.png,
#543,543_Venipede_Dream.png,
#544,544_Whirlipede_Dream.png,
#545,545_Scolipede_Dream.png,
#546,546_Cottonee_Dream.png,
#547,547_Whimsicott_Dream.png,
#548,548_Petilil_Dream.png,
#549,549_Lilligant_Dream.png,
#550,"550_Basculin_Blue_Stripe_Form_Dream.png,550_Basculin_Red_Stripe_Form_Dream.png",
#551,551_Sandile_Dream.png,
#552,552_Krokorok_Dream.png,
#553,553_Krookodile_Dream.png,
#554,554_Darumaka_Dream.png,
#555,"555_Darmanitan_Dream.png,555_Darmanitan_Zen_Mode_Dream.png",
#556,556_Maractus_Dream.png,
#557,557_Dwebble_Dream.png,
#558,558_Crustle_Dream.png,
#559,"559_Scraggy_Dream.png,559_Scraggy_Dream_2.png,559_Scraggy_Dream_3.png",
#560,560_Scrafty_Dream.png,
#561,561_Sigilyph_Dream.png,
#562,562_Yamask_Dream.png,
#563,563_Cofagrigus_Dream.png,
#564,564_Tirtouga_Dream.png,
#565,565_Carracosta_Dream.png,
#566,566_Archen_Dream.png,
#567,567_Archeops_Dream.png,
#568,568_Trubbish_Dream.png,
#569,569_Garbodor_Dream.png,
#570,570_Zorua_Dream.png,
#571,571_Zoroark_Dream.png,
#572,572_Minccino_Dream.png,
#573,573_Cinccino_Dream.png,
#574,574_Gothita_Dream.png,
#575,575_Gothorita_Dream.png,
#576,576_Gothitelle_Dream.png,
#577,577_Solosis_Dream.png,
#578,578_Duosion_Dream.png,
#579,579_Reuniclus_Dream.png,
#580,580_Ducklett_Dream.png,
#581,581_Swanna_Dream.png,
#582,582_Vanillite_Dream.png,
#583,583_Vanillish_Dream.png,
#584,584_Vanilluxe_Dream.png,
#585,"585_Deerling_Autumn_Form_Dream.png,585_Deerling_Spring_Form_Dream.png,585_Deerling_Summer_Form_Dream.png,585_Deerling_Winter_Form_Dream.png",
#586,"586_Sawsbuck_Autumn_Form_Dream.png,586_Sawsbuck_Spring_Form_Dream.png,586_Sawsbuck_Summer_Form_Dream.png,586_Sawsbuck_Winter_Form_Dream.png",
#587,587_Emolga_Dream.png,
#588,588_Karrablast_Dream.png,
#589,589_Escavalier_Dream.png,
#591,591_Amoonguss_Dream.png,
#592,"592_Frillish_Female_Dream.png,592_Frillish_Male_Dream.png",
#593,"593_Jellicent_Female_Dream.png,593_Jellicent_Male_Dream.png",
#594,594_Alomomola_Dream.png,
#595,595_Joltik_Dream.png,
#596,596_Galvantula_Dream.png,
#597,597_Ferroseed_Dream.png,
#598,598_Ferrothorn_Dream.png,
#599,599_Klink_Dream.png,
#600,600_Klang_Dream.png,
#601,601_Klinklang_Dream.png,
#602,602_Tynamo_Dream.png,
#603,603_Eelektrik_Dream.png,
#604,604_Eelektross_Dream.png,
#605,605_Elgyem_Dream.png,
#606,606_Beheeyem_Dream.png,
#607,607_Litwick_Dream.png,
#608,608_Lampent_Dream.png,
#609,609_Chandelure_Dream.png,
#610,610_Axew_Dream.png,
#611,611_Fraxure_Dream.png,
#612,612_Haxorus_Dream.png,
#613,613_Cubchoo_Dream.png,
#614,614_Beartic_Dream.png,
#615,615_Cryogonal_Dream.png,
#616,616_Shelmet_Dream.png,
#617,617_Accelgor_Dream.png,
#618,618_Stunfisk_Dream.png,
#619,619_Mienfoo_Dream.png,
#620,620_Mienshao_Dream.png,
#621,621_Druddigon_Dream.png,
#622,622_Golett_Dream.png,
#623,623_Golurk_Dream.png,
#624,624_Pawniard_Dream.png,
#625,625_Bisharp_Dream.png,
#626,626_Bouffalant_Dream.png,
#627,627_Rufflet_Dream.png,
#628,628_Braviary_Dream.png,
#629,629_Vullaby_Dream.png,
#630,630_Mandibuzz_Dream.png,
#631,631_Heatmor_Dream.png,
#632,632_Durant_Dream.png,
#633,633_Deino_Dream.png,
#634,634_Zweilous_Dream.png,
#635,"635_Hydreigon_Dream.png,635_Hydreigon_Dream_2.png",
#636,636_Larvesta_Dream.png,
#637,637_Volcarona_Dream.png,
#638,638_Cobalion_Dream.png,
#639,639_Terrakion_Dream.png,
#640,640_Virizion_Dream.png,
#641,"641_Tornadus_Dream.png,641_Tornadus_T_Dream.png",
#642,"642_Thundurus_Dream.png,642_Thundurus_T_Dream.png",
#643,643_Reshiram_Dream.png,
#644,"644_Zekrom_Dream.png,644_Zekrom_Dream_2.png",
#645,"645_Landorus_Dream.png,645_Landorus_T_Dream.png",
#646,"646_Black_Kyurem_Dream.png,646_Black_Kyurem_Dream_2.png,646_Kyurem_Dream.png,646_White_Kyurem_Dream.png",
#647,"647_Keldeo_Dream.png,647_Keldeo_Dream_2.png,647_Keldeo_R_Dream.png",
#648,"648_Meloetta_Dream.png,648_Meloetta_Dream_2.png,648_Meloetta_P_Dream.png",
#649,"649_Genesect_B_Dream.png,649_Genesect_C_Dream.png,649_Genesect_Dream.png,649_Genesect_D_Dream.png,649_Genesect_S_Dream.png",
#650,"650_Chespin_Dream.png,650_Chespin_Dream_2.png",
#651,651_Quilladin_Dream.png,
#652,652_Chesnaught_Dream.png,
#653,"653_Fennekin_Dream.png,653_Fennekin_Dream_2.png",
#654,654_Braixen_Dream.png,
#655,655_Delphox_Dream.png,
#656,"656_Froakie_Dream.png,656_Froakie_Dream_2.png,656_Froakie_Dream_3.png",
#657,657_Frogadier_Dream.png,
#658,"658_Greninja_Ash_Dream.png,658_Greninja_Dream.png,658_Greninja_Dream_2.png",
#659,659_Bunnelby_Dream.png,
#660,660_Diggersby_Dream.png,
#661,661_Fletchling_Dream.png,
#662,"662_Fletchinder_Dream.png,662_Fletchinder_Dream_2.png",
#663,"663_Talonflame_Dream.png,663_Talonflame_Dream_2.png",
#664,664_Scatterbug_Dream.png,
#665,665_Spewpa_Dream.png,
#666,"666_Vivillon_Archipelago_Dream.png,666_Vivillon_Continental_Dream.png,666_Vivillon_Dream.png,666_Vivillon_Elegant_Dream.png,666_Vivillon_Fancy_Dream.png,666_Vivillon_Garden_Dream.png,666_Vivillon_High_Plains_Dream.png,666_Vivillon_Icy_Snow_Dream.png,666_Vivillon_Jungle_Dream.png,666_Vivillon_Marine_Dream.png,666_Vivillon_Modern_Dream.png,666_Vivillon_Monsoon_Dream.png,666_Vivillon_Ocean_Dream.png,666_Vivillon_PokéBall_Dream.png,666_Vivillon_Polar_Dream.png,666_Vivillon_River_Dream.png,666_Vivillon_Sandstorm_Dream.png,666_Vivillon_Savannah_Dream.png,666_Vivillon_Sun_Dream.png,666_Vivillon_Tundra_Dream.png",
#667,667_Litleo_Dream.png,
#668,668_Pyroar_Dream.png,
#669,"669_Flabébé_Blue_Flower_Dream.png,669_Flabébé_Orange_Flower_Dream.png,669_Flabébé_Red_Flower_Dream.png,669_Flabébé_White_Flower_Dream.png,669_Flabébé_Yellow_Flower_Dream.png",
#670,"670_Floette_Blue_Flower_Dream.png,670_Floette_Orange_Flower_Dream.png,670_Floette_Red_Flower_Dream.png,670_Floette_White_Flower_Dream.png,670_Floette_Yellow_Flower_Dream.png",
#671,"671_Florges_Blue_Flower_Dream.png,671_Florges_Orange_Flower_Dream.png,671_Florges_Red_Flower_Dream.png,671_Florges_White_Flower_Dream.png,671_Florges_Yellow_Flower_Dream.png",
#672,672_Skiddo_Dream.png,
#673,673_Gogoat_Dream.png,
#674,674_Pancham_Dream.png,
#675,675_Pangoro_Dream.png,
#676,"676_Furfrou_Dandy_Dream.png,676_Furfrou_Debutante_Dream.png,676_Furfrou_Diamond_Dream.png,676_Furfrou_Dream.png,676_Furfrou_Heart_Dream.png,676_Furfrou_Kabuki_Dream.png,676_Furfrou_La_Reine_Dream.png,676_Furfrou_Matron_Dream.png,676_Furfrou_Pharaoh_Dream.png,676_Furfrou_Star_Dream.png",
#677,677_Espurr_Dream.png,
#678,"678_Meowstic_Female_Dream.png,678_Meowstic_Male_Dream.png",
#679,679_Honedge_Dream.png,
#680,680_Doublade_Dream.png,
#681,"681_Aegislash_Blade_Forme_Dream.png,681_Aegislash_Blade_Forme_Dream_2.png,681_Aegislash_Dream.png,681_Aegislash_Shield_Forme_Dream.png",
#682,682_Spritzee_Dream.png,
#683,683_Aromatisse_Dream.png,
#684,"684_Swirlix_Dream.png,684_Swirlix_Dream_2.png",
#685,685_Slurpuff_Dream.png,
#686,686_Inkay_Dream.png,
#687,687_Malamar_Dream.png,
#688,688_Binacle_Dream.png,
#689,689_Barbaracle_Dream.png,
#690,690_Skrelp_Dream.png,
#691,691_Dragalge_Dream.png,
#692,692_Clauncher_Dream.png,
#693,693_Clawitzer_Dream.png,
#694,694_Helioptile_Dream.png,
#695,695_Heliolisk_Dream.png,
#696,696_Tyrunt_Dream.png,
#697,697_Tyrantrum_Dream.png,
#698,698_Amaura_Dream.png,
#699,699_Aurorus_Dream.png,
#700,"700_Sylveon_Dream.png,700_Sylveon_Dream_2.png",
#701,701_Hawlucha_Dream.png,
#702,"702_Dedenne_Dream.png,702_Dedenne_Dream_2.png",
#703,703_Carbink_Dream.png,
#704,704_Goomy_Dream.png,
#705,705_Sliggoo_Dream.png,
#706,706_Goodra_Dream.png,
#707,707_Klefki_Dream.png,
#708,708_Phantump_Dream.png,
#709,709_Trevenant_Dream.png,
#710,710_Pumpkaboo_Dream.png,
#711,711_Gourgeist_Dream.png,
#712,712_Bergmite_Dream.png,
#713,713_Avalugg_Dream.png,
#714,714_Noibat_Dream.png,
#715,715_Noivern_Dream.png,
#716,"716_Xerneas_Dream.png,716_Xerneas_Dream_2.png,716_Xerneas_Dream_3.png,716_Xerneas_Dream_4.png",
#717,"717_Yveltal_Dream.png,717_Yveltal_Dream_2.png,717_Yveltal_Dream_3.png,717_Yveltal_Dream_4.png",
#718,"718_Zygarde_10_Percent_Dream.png,718_Zygarde_10_Percent_Dream_2.png,718_Zygarde_Complete_Dream.png,718_Zygarde_Complete_Dream_2.png,718_Zygarde_Dream.png,718_Zygarde_Dream_2.png",
#719M,"719M_Diancie_Mega_Dream.png,719M_Diancie_Mega_Dream_2.png",
#719,"719_Diancie_Dream.png,719_Diancie_Dream_2.png",
#720,"720_Hoopa-Confined_Dream.png,720_Hoopa-Confined_Dream_2.png,720_Hoopa-Unbound_Dream.png",
#721,721_Volcanion_Dream.png,
#722,"722_Rowlet_Dream.png,722_Rowlet_Dream_2.png",
#723,723_Dartrix_Dream.png,
#724,724_Decidueye_Dream.png,
#725,725_Litten_Dream.png,
#726,726_Torracat_Dream.png,
#727,"727_Incineroar_Dream.png,727_Incineroar_Dream_2.png",
#728,728_Popplio_Dream.png,
#729,729_Brionne_Dream.png,
#730,730_Primarina_Dream.png,
#731,731_Pikipek_Dream.png,
#732,732_Trumbeak_Dream.png,
#733,733_Toucannon_Dream.png,
#734,734_Yungoos_Dream.png,
#735,735_Gumshoos_Dream.png,
#736,736_Grubbin_Dream.png,
#737,737_Charjabug_Dream.png,
#738,738_Vikavolt_Dream.png,
#739,739_Crabrawler_Dream.png,
#740,740_Crabominable_Dream.png,
#741,"741_Oricorio_Baile_Dream.png,741_Oricorio_Pau_Dream.png,741_Oricorio_Pom-Pom_Dream.png,741_Oricorio_Sensu_Dream.png",
#742,742_Cutiefly_Dream.png,
#743,743_Ribombee_Dream.png,
#744,744_Rockruff_Dream.png,
#745,"745_Lycanroc_Dusk_Dream.png,745_Lycanroc_Midday_Dream.png,745_Lycanroc_Midnight_Dream.png",
#746,"746_Wishiwashi_School_Dream.png,746_Wishiwashi_Solo_Dream.png",
#747,747_Mareanie_Dream.png,
#748,748_Toxapex_Dream.png,
#749,749_Mudbray_Dream.png,
#750,750_Mudsdale_Dream.png,
#751,751_Dewpider_Dream.png,
#752,752_Araquanid_Dream.png,
#753,753_Fomantis_Dream.png,
#754,754_Lurantis_Dream.png,
#755,755_Morelull_Dream.png,
#756,756_Shiinotic_Dream.png,
#757,757_Salandit_Dream.png,
#758,758_Salazzle_Dream.png,
#759,759_Stufful_Dream.png,
#760,760_Bewear_Dream.png,
#761,761_Bounsweet_Dream.png,
#762,762_Steenee_Dream.png,
#763,763_Tsareena_Dream.png,
#764,764_Comfey_Dream.png,
#765,765_Oranguru_Dream.png,
#766,766_Passimian_Dream.png,
#767,767_Wimpod_Dream.png,
#768,768_Golisopod_Dream.png,
#769,769_Sandygast_Dream.png,
#770,770_Palossand_Dream.png,
#771,771_Pyukumuku_Dream.png,
#772,772_Type_Null_Dream.png,
#773,"773_Silvally_Bug_Dream.png,773_Silvally_Dark_Dream.png,773_Silvally_Dragon_Dream.png,773_Silvally_Electric_Dream.png,773_Silvally_Fairy_Dream.png,773_Silvally_Fighting_Dream.png,773_Silvally_Fire_Dream.png,773_Silvally_Flying_Dream.png,773_Silvally_Ghost_Dream.png,773_Silvally_Grass_Dream.png,773_Silvally_Ground_Dream.png,773_Silvally_Ice_Dream.png,773_Silvally_Normal_Dream.png,773_Silvally_Poison_Dream.png,773_Silvally_Psychic_Dream.png,773_Silvally_Rock_Dream.png,773_Silvally_Steel_Dream.png,773_Silvally_Water_Dream.png",
#774,"774_Minior_Blue_Dream.png,774_Minior_Dream.png,774_Minior_Green_Dream.png,774_Minior_Indigo_Dream.png,774_Minior_Orange_Dream.png,774_Minior_Red_Dream.png,774_Minior_Violet_Dream.png,774_Minior_Yellow_Dream.png",
#775,775_Komala_Dream.png,
#776,776_Turtonator_Dream.png,
#777,"777_Togedemaru_Dream.png,777_Togedemaru_Dream_2.png",
#778,"778_Mimikyu_Busted_Dream.png,778_Mimikyu_Dream.png,778_Mimikyu_Dream_2.png",
#779,779_Bruxish_Dream.png,
#780,780_Drampa_Dream.png,
#781,781_Dhelmise_Dream.png,
#782,782_Jangmo-o_Dream.png,
#783,783_Hakamo-o_Dream.png,
#784,784_Kommo-o_Dream.png,
#785,"785_Tapu_Koko_Dream.png,785_Tapu_Koko_Dream_2.png",
#786,786_Tapu_Lele_Dream.png,
#787,787_Tapu_Bulu_Dream.png,
#788,788_Tapu_Fini_Dream.png,
#789,789_Cosmog_Dream.png,
#790,790_Cosmoem_Dream.png,
#791,791_Solgaleo_Dream.png,
#792,"792_Lunala_Dream.png,792_Lunala_Dream_2.png",
#793,793_Nihilego_Dream.png,
#794,794_Buzzwole_Dream.png,
#795,795_Pheromosa_Dream.png,
#796,796_Xurkitree_Dream.png,
#797,797_Celesteela_Dream.png,
#798,798_Kartana_Dream.png,
#799,799_Guzzlord_Dream.png,
#800,"800_Necrozma_Dawn_Wings_Dream.png,800_Necrozma_Dream.png,800_Necrozma_Dusk_Mane_Dream.png,800_Necrozma_Ultra_Dream.png",
#801,"801_Magearna_Dream.png,801_Magearna_Dream_2.png",
#802,802_Marshadow_Dream.png,
#803,803_Poipole_Dream.png,
#804,804_Naganadel_Dream.png,
#805,805_Stakataka_Dream.png,
#806,806_Blacephalon_Dream.png,
#807,807_Zeraora_Dream.png,
#808,808_Meltan_Dream.png,
#809,809_Melmetal_Dream.png,
#810,"810_Grookey_Dream.png,810_Grookey_Dream_2.png",
#811,811_Thwackey_Dream.png,
#812,812_Rillaboom_Dream.png,
#813,"813_Scorbunny_Dream.png,813_Scorbunny_Dream_2.png",
#814,814_Raboot_Dream.png,
#815,815_Cinderace_Dream.png,
#816,"816_Sobble_Dream.png,816_Sobble_Dream_2.png",
#817,817_Drizzile_Dream.png,
#818,818_Inteleon_Dream.png,
#819,819_Skwovet_Dream.png,
#820,820_Greedent_Dream.png,
#821,821_Rookidee_Dream.png,
#822,822_Corvisquire_Dream.png,
#823,823_Corviknight_Dream.png,
#824,824_Blipbug_Dream.png,
#825,825_Dottler_Dream.png,
#826,826_Orbeetle_Dream.png,
#827,827_Nickit_Dream.png,
#828,828_Thievul_Dream.png,
#829,829_Gossifleur_Dream.png,
#830,830_Eldegoss_Dream.png,
#831,831_Wooloo_Dream.png,
#832,832_Dubwool_Dream.png,
#833,833_Chewtle_Dream.png,
#834,834_Drednaw_Dream.png,
#835,835_Yamper_Dream.png,
#836,836_Boltund_Dream.png,
#837,837_Rolycoly_Dream.png,
#838,838_Carkol_Dream.png,
#839,839_Coalossal_Dream.png,
#840,840_Applin_Dream.png,
#841,841_Flapple_Dream.png,
#842,842_Appletun_Dream.png,
#843,843_Silicobra_Dream.png,
#844,844_Sandaconda_Dream.png,
#845,845_Cramorant_Dream.png,
#846,846_Arrokuda_Dream.png,
#847,847_Barraskewda_Dream.png,
#848,848_Toxel_Dream.png,
#849,849_Toxtricity_Dream.png,
#850,850_Sizzlipede_Dream.png,
#851,851_Centiskorch_Dream.png,
#852,852_Clobbopus_Dream.png,
#853,853_Grapploct_Dream.png,
#854,854_Sinistea_Dream.png,
#855,855_Polteageist_Dream.png,
#856,856_Hatenna_Dream.png,
#857,857_Hattrem_Dream.png,
#858,858_Hatterene_Dream.png,
#859,859_Impidimp_Dream.png,
#860,860_Morgrem_Dream.png,
#861,861_Grimmsnarl_Dream.png,
#862,862_Obstagoon_Dream.png,
#863,863_Perrserker_Dream.png,
#864,864_Cursola_Dream.png,
#865,"865_Sirfetchd_Dream.png,865_Sirfetchd_Dream_2.png,865_Sirfetchd_Dream_3.png,865_Sirfetchd_Dream_4.png",
#866,866_Mr._Rime_Dream.png,
#867,867_Runerigus_Dream.png,
#868,868_Milcery_Dream.png,
#869,869_Alcremie_Dream.png,
#870,870_Falinks_Dream.png,
#871,871_Pincurchin_Dream.png,
#872,872_Snom_Dream.png,
#873,873_Frosmoth_Dream.png,
#874,874_Stonjourner_Dream.png,
#875,875_Eiscue_Dream.png,
#876,876_Indeedee_Dream.png,
#877,877_Morpeko_Dream.png,
#878,878_Cufant_Dream.png,
#879,879_Copperajah_Dream.png,
#880,880_Dracozolt_Dream.png,
#881,881_Arctozolt_Dream.png,
#882,882_Dracovish_Dream.png,
#883,883_Arctovish_Dream.png,
#884,884_Duraludon_Dream.png,
#885,885_Dreepy_Dream.png,
#886,886_Drakloak_Dream.png,
#887,887_Dragapult_Dream.png,
#888,888_Zacian_Dream.png,
#889,889_Zamazenta_Dream.png,
#890,890_Eternatus_Dream.png,
#891,891_Kubfu_Dream.png,
#892,892_Urshifu_Dream.png,
#893,893_Zarude_Dream.png,
#898,898_Calyrex_Dream.png,
